City,lat,lon
Agra,27.1767,78.0081
Agra,27.1767,78.0081
Agra,27.1767,78.0081
Agra,27.1767,78.0081
Agra,27.1767,78.0081
Agra,27.1767,78.0081
Agra,27.1767,78.0081
Agra,27.1767,78.0081
Agra,27.1767,78.0081
Agra,27.1767,78.0081
Agra,27.1767,78.0081
Agra,27.1767,78.0081
Agra,27.1767,78.0081
Agra,27.1767,78.0081
Agra,27.1767,78.0081
Agra,27.1767,78.0081
Agra,27.1767,78.0081
Agra,27.1767,78.0081
Agra,27.1767,78.0081
Agra,27.1767,78.0081
Agra,27.1767,78.0081
Agra,27.1767,78.0081
Agra,27.1767,78.0081
Agra,27.1767,78.0081
Agra,27.1767,78.0081
Agra,27.1767,78.0081
Agra,27.1767,78.0081
Agra,27.1767,78.0081
Agra,27.1767,78.0081
Agra,27.1767,78.0081
Agra,27.1767,78.0081
Agra,27.1767,78.0081
Agra,27.1767,78.0081
Agra,27.1767,78.0081
Agra,27.1767,78.0081
Agra,27.1767,78.0081
Agra,27.1767,78.0081
Agra,27.1767,78.0081
Agra,27.1767,78.0081
Agra,27.1767,78.0081
Agra,27.1767,78.0081
Agra,27.1767,78.0081
Agra,27.1767,78.0081
Agra,27.1767,78.0081
Agra,27.1767,78.0081
Agra,27.1767,78.0081
Agra,27.1767,78.0081
Agra,27.1767,78.0081
Agra,27.1767,78.0081
Agra,27.1767,78.0081
Agra,27.1767,78.0081
Agra,27.1767,78.0081
Agra,27.1767,78.0081
Agra,27.1767,78.0081
Agra,27.1767,78.0081
Ahmedabad,23.0225,72.5714
Ahmedabad,23.0225,72.5714
Ahmedabad,23.0225,72.5714
Ahmedabad,23.0225,72.5714
Ahmedabad,23.0225,72.5714
Ahmedabad,23.0225,72.5714
Ahmedabad,23.0225,72.5714
Ahmedabad,23.0225,72.5714
Ahmedabad,23.0225,72.5714
Ahmedabad,23.0225,72.5714
Ahmedabad,23.0225,72.5714
Ahmedabad,23.0225,72.5714
Ahmedabad,23.0225,72.5714
Ahmedabad,23.0225,72.5714
Ahmedabad,23.0225,72.5714
Ahmedabad,23.0225,72.5714
Ahmedabad,23.0225,72.5714
Ahmedabad,23.0225,72.5714
Ahmedabad,23.0225,72.5714
Ahmedabad,23.0225,72.5714
Ahmedabad,23.0225,72.5714
Ahmedabad,23.0225,72.5714
Ahmedabad,23.0225,72.5714
Ahmedabad,23.0225,72.5714
Ahmedabad,23.0225,72.5714
Ahmedabad,23.0225,72.5714
Ahmedabad,23.0225,72.5714
Ahmedabad,23.0225,72.5714
Ahmedabad,23.0225,72.5714
Ahmedabad,23.0225,72.5714
Ahmedabad,23.0225,72.5714
Ahmedabad,23.0225,72.5714
Ahmedabad,23.0225,72.5714
Ahmedabad,23.0225,72.5714
Ahmedabad,23.0225,72.5714
Ahmedabad,23.0225,72.5714
Ahmedabad,23.0225,72.5714
Ahmedabad,23.0225,72.5714
Ahmedabad,23.0225,72.5714
Ahmedabad,23.0225,72.5714
Ahmedabad,23.0225,72.5714
Ahmedabad,23.0225,72.5714
Ahmedabad,23.0225,72.5714
Ahmedabad,23.0225,72.5714
Ahmedabad,23.0225,72.5714
Ahmedabad,23.0225,72.5714
Ahmedabad,23.0225,72.5714
Ahmedabad,23.0225,72.5714
Ahmedabad,23.0225,72.5714
Ahmedabad,23.0225,72.5714
Ahmedabad,23.0225,72.5714
Ahmedabad,23.0225,72.5714
Ahmedabad,23.0225,72.5714
Ahmedabad,23.0225,72.5714
Ahmedabad,23.0225,72.5714
Bangalore,12.9716,77.5946
Bangalore,12.9716,77.5946
Bangalore,12.9716,77.5946
Bangalore,12.9716,77.5946
Bangalore,12.9716,77.5946
Bangalore,12.9716,77.5946
Bangalore,12.9716,77.5946
Bangalore,12.9716,77.5946
Bangalore,12.9716,77.5946
Bangalore,12.9716,77.5946
Bangalore,12.9716,77.5946
Bangalore,12.9716,77.5946
Bangalore,12.9716,77.5946
Bangalore,12.9716,77.5946
Bangalore,12.9716,77.5946
Bangalore,12.9716,77.5946
Bangalore,12.9716,77.5946
Bangalore,12.9716,77.5946
Bangalore,12.9716,77.5946
Bangalore,12.9716,77.5946
Bangalore,12.9716,77.5946
Bangalore,12.9716,77.5946
Bangalore,12.9716,77.5946
Bangalore,12.9716,77.5946
Bangalore,12.9716,77.5946
Bangalore,12.9716,77.5946
Bangalore,12.9716,77.5946
Bangalore,12.9716,77.5946
Bangalore,12.9716,77.5946
Bangalore,12.9716,77.5946
Bangalore,12.9716,77.5946
Bangalore,12.9716,77.5946
Bangalore,12.9716,77.5946
Bangalore,12.9716,77.5946
Bangalore,12.9716,77.5946
Bangalore,12.9716,77.5946
Bangalore,12.9716,77.5946
Bangalore,12.9716,77.5946
Bangalore,12.9716,77.5946
Bangalore,12.9716,77.5946
Bangalore,12.9716,77.5946
Bangalore,12.9716,77.5946
Bangalore,12.9716,77.5946
Bangalore,12.9716,77.5946
Bangalore,12.9716,77.5946
Bangalore,12.9716,77.5946
Bangalore,12.9716,77.5946
Bangalore,12.9716,77.5946
Bangalore,12.9716,77.5946
Bangalore,12.9716,77.5946
Bangalore,12.9716,77.5946
Bangalore,12.9716,77.5946
Bangalore,12.9716,77.5946
Bangalore,12.9716,77.5946
Bangalore,12.9716,77.5946
Bhopal,23.2599,77.4126
Bhopal,23.2599,77.4126
Bhopal,23.2599,77.4126
Bhopal,23.2599,77.4126
Bhopal,23.2599,77.4126
Bhopal,23.2599,77.4126
Bhopal,23.2599,77.4126
Bhopal,23.2599,77.4126
Bhopal,23.2599,77.4126
Bhopal,23.2599,77.4126
Bhopal,23.2599,77.4126
Bhopal,23.2599,77.4126
Bhopal,23.2599,77.4126
Bhopal,23.2599,77.4126
Bhopal,23.2599,77.4126
Bhopal,23.2599,77.4126
Bhopal,23.2599,77.4126
Bhopal,23.2599,77.4126
Bhopal,23.2599,77.4126
Bhopal,23.2599,77.4126
Bhopal,23.2599,77.4126
Bhopal,23.2599,77.4126
Bhopal,23.2599,77.4126
Bhopal,23.2599,77.4126
Bhopal,23.2599,77.4126
Bhopal,23.2599,77.4126
Bhopal,23.2599,77.4126
Bhopal,23.2599,77.4126
Bhopal,23.2599,77.4126
Bhopal,23.2599,77.4126
Bhopal,23.2599,77.4126
Bhopal,23.2599,77.4126
Bhopal,23.2599,77.4126
Bhopal,23.2599,77.4126
Bhopal,23.2599,77.4126
Bhopal,23.2599,77.4126
Bhopal,23.2599,77.4126
Bhopal,23.2599,77.4126
Bhopal,23.2599,77.4126
Bhopal,23.2599,77.4126
Bhopal,23.2599,77.4126
Bhopal,23.2599,77.4126
Bhopal,23.2599,77.4126
Bhopal,23.2599,77.4126
Bhopal,23.2599,77.4126
Bhopal,23.2599,77.4126
Bhopal,23.2599,77.4126
Bhopal,23.2599,77.4126
Bhopal,23.2599,77.4126
Bhopal,23.2599,77.4126
Bhopal,23.2599,77.4126
Bhopal,23.2599,77.4126
Bhopal,23.2599,77.4126
Bhopal,23.2599,77.4126
Bhopal,23.2599,77.4126
Chennai,13.0827,80.2707
Chennai,13.0827,80.2707
Chennai,13.0827,80.2707
Chennai,13.0827,80.2707
Chennai,13.0827,80.2707
Chennai,13.0827,80.2707
Chennai,13.0827,80.2707
Chennai,13.0827,80.2707
Chennai,13.0827,80.2707
Chennai,13.0827,80.2707
Chennai,13.0827,80.2707
Chennai,13.0827,80.2707
Chennai,13.0827,80.2707
Chennai,13.0827,80.2707
Chennai,13.0827,80.2707
Chennai,13.0827,80.2707
Chennai,13.0827,80.2707
Chennai,13.0827,80.2707
Chennai,13.0827,80.2707
Chennai,13.0827,80.2707
Chennai,13.0827,80.2707
Chennai,13.0827,80.2707
Chennai,13.0827,80.2707
Chennai,13.0827,80.2707
Chennai,13.0827,80.2707
Chennai,13.0827,80.2707
Chennai,13.0827,80.2707
Chennai,13.0827,80.2707
Chennai,13.0827,80.2707
Chennai,13.0827,80.2707
Chennai,13.0827,80.2707
Chennai,13.0827,80.2707
Chennai,13.0827,80.2707
Chennai,13.0827,80.2707
Chennai,13.0827,80.2707
Chennai,13.0827,80.2707
Chennai,13.0827,80.2707
Chennai,13.0827,80.2707
Chennai,13.0827,80.2707
Chennai,13.0827,80.2707
Chennai,13.0827,80.2707
Chennai,13.0827,80.2707
Chennai,13.0827,80.2707
Chennai,13.0827,80.2707
Chennai,13.0827,80.2707
Chennai,13.0827,80.2707
Chennai,13.0827,80.2707
Chennai,13.0827,80.2707
Chennai,13.0827,80.2707
Chennai,13.0827,80.2707
Chennai,13.0827,80.2707
Chennai,13.0827,80.2707
Chennai,13.0827,80.2707
Chennai,13.0827,80.2707
Chennai,13.0827,80.2707
Delhi,28.7041,77.1025
Delhi,28.7041,77.1025
Delhi,28.7041,77.1025
Delhi,28.7041,77.1025
Delhi,28.7041,77.1025
Delhi,28.7041,77.1025
Delhi,28.7041,77.1025
Delhi,28.7041,77.1025
Delhi,28.7041,77.1025
Delhi,28.7041,77.1025
Delhi,28.7041,77.1025
Delhi,28.7041,77.1025
Delhi,28.7041,77.1025
Delhi,28.7041,77.1025
Delhi,28.7041,77.1025
Delhi,28.7041,77.1025
Delhi,28.7041,77.1025
Delhi,28.7041,77.1025
Delhi,28.7041,77.1025
Delhi,28.7041,77.1025
Delhi,28.7041,77.1025
Delhi,28.7041,77.1025
Delhi,28.7041,77.1025
Delhi,28.7041,77.1025
Delhi,28.7041,77.1025
Delhi,28.7041,77.1025
Delhi,28.7041,77.1025
Delhi,28.7041,77.1025
Delhi,28.7041,77.1025
Delhi,28.7041,77.1025
Delhi,28.7041,77.1025
Delhi,28.7041,77.1025
Delhi,28.7041,77.1025
Delhi,28.7041,77.1025
Delhi,28.7041,77.1025
Delhi,28.7041,77.1025
Delhi,28.7041,77.1025
Delhi,28.7041,77.1025
Delhi,28.7041,77.1025
Delhi,28.7041,77.1025
Delhi,28.7041,77.1025
Delhi,28.7041,77.1025
Delhi,28.7041,77.1025
Delhi,28.7041,77.1025
Delhi,28.7041,77.1025
Delhi,28.7041,77.1025
Delhi,28.7041,77.1025
Delhi,28.7041,77.1025
Delhi,28.7041,77.1025
Delhi,28.7041,77.1025
Delhi,28.7041,77.1025
Delhi,28.7041,77.1025
Delhi,28.7041,77.1025
Delhi,28.7041,77.1025
Delhi,28.7041,77.1025
Faridabad,28.4089,77.3178
Faridabad,28.4089,77.3178
Faridabad,28.4089,77.3178
Faridabad,28.4089,77.3178
Faridabad,28.4089,77.3178
Faridabad,28.4089,77.3178
Faridabad,28.4089,77.3178
Faridabad,28.4089,77.3178
Faridabad,28.4089,77.3178
Faridabad,28.4089,77.3178
Faridabad,28.4089,77.3178
Faridabad,28.4089,77.3178
Faridabad,28.4089,77.3178
Faridabad,28.4089,77.3178
Faridabad,28.4089,77.3178
Faridabad,28.4089,77.3178
Faridabad,28.4089,77.3178
Faridabad,28.4089,77.3178
Faridabad,28.4089,77.3178
Faridabad,28.4089,77.3178
Faridabad,28.4089,77.3178
Faridabad,28.4089,77.3178
Faridabad,28.4089,77.3178
Faridabad,28.4089,77.3178
Faridabad,28.4089,77.3178
Faridabad,28.4089,77.3178
Faridabad,28.4089,77.3178
Faridabad,28.4089,77.3178
Faridabad,28.4089,77.3178
Faridabad,28.4089,77.3178
Faridabad,28.4089,77.3178
Faridabad,28.4089,77.3178
Faridabad,28.4089,77.3178
Faridabad,28.4089,77.3178
Faridabad,28.4089,77.3178
Faridabad,28.4089,77.3178
Faridabad,28.4089,77.3178
Faridabad,28.4089,77.3178
Faridabad,28.4089,77.3178
Faridabad,28.4089,77.3178
Faridabad,28.4089,77.3178
Faridabad,28.4089,77.3178
Faridabad,28.4089,77.3178
Faridabad,28.4089,77.3178
Faridabad,28.4089,77.3178
Faridabad,28.4089,77.3178
Faridabad,28.4089,77.3178
Faridabad,28.4089,77.3178
Faridabad,28.4089,77.3178
Faridabad,28.4089,77.3178
Faridabad,28.4089,77.3178
Faridabad,28.4089,77.3178
Faridabad,28.4089,77.3178
Faridabad,28.4089,77.3178
Faridabad,28.4089,77.3178
Ghaziabad,28.6692,77.4538
Ghaziabad,28.6692,77.4538
Ghaziabad,28.6692,77.4538
Ghaziabad,28.6692,77.4538
Ghaziabad,28.6692,77.4538
Ghaziabad,28.6692,77.4538
Ghaziabad,28.6692,77.4538
Ghaziabad,28.6692,77.4538
Ghaziabad,28.6692,77.4538
Ghaziabad,28.6692,77.4538
Ghaziabad,28.6692,77.4538
Ghaziabad,28.6692,77.4538
Ghaziabad,28.6692,77.4538
Ghaziabad,28.6692,77.4538
Ghaziabad,28.6692,77.4538
Ghaziabad,28.6692,77.4538
Ghaziabad,28.6692,77.4538
Ghaziabad,28.6692,77.4538
Ghaziabad,28.6692,77.4538
Ghaziabad,28.6692,77.4538
Ghaziabad,28.6692,77.4538
Ghaziabad,28.6692,77.4538
Ghaziabad,28.6692,77.4538
Ghaziabad,28.6692,77.4538
Ghaziabad,28.6692,77.4538
Ghaziabad,28.6692,77.4538
Ghaziabad,28.6692,77.4538
Ghaziabad,28.6692,77.4538
Ghaziabad,28.6692,77.4538
Ghaziabad,28.6692,77.4538
Ghaziabad,28.6692,77.4538
Ghaziabad,28.6692,77.4538
Ghaziabad,28.6692,77.4538
Ghaziabad,28.6692,77.4538
Ghaziabad,28.6692,77.4538
Ghaziabad,28.6692,77.4538
Ghaziabad,28.6692,77.4538
Ghaziabad,28.6692,77.4538
Ghaziabad,28.6692,77.4538
Ghaziabad,28.6692,77.4538
Ghaziabad,28.6692,77.4538
Ghaziabad,28.6692,77.4538
Ghaziabad,28.6692,77.4538
Ghaziabad,28.6692,77.4538
Ghaziabad,28.6692,77.4538
Ghaziabad,28.6692,77.4538
Ghaziabad,28.6692,77.4538
Ghaziabad,28.6692,77.4538
Ghaziabad,28.6692,77.4538
Ghaziabad,28.6692,77.4538
Ghaziabad,28.6692,77.4538
Ghaziabad,28.6692,77.4538
Ghaziabad,28.6692,77.4538
Ghaziabad,28.6692,77.4538
Ghaziabad,28.6692,77.4538
Hyderabad,17.385,78.4867
Hyderabad,17.385,78.4867
Hyderabad,17.385,78.4867
Hyderabad,17.385,78.4867
Hyderabad,17.385,78.4867
Hyderabad,17.385,78.4867
Hyderabad,17.385,78.4867
Hyderabad,17.385,78.4867
Hyderabad,17.385,78.4867
Hyderabad,17.385,78.4867
Hyderabad,17.385,78.4867
Hyderabad,17.385,78.4867
Hyderabad,17.385,78.4867
Hyderabad,17.385,78.4867
Hyderabad,17.385,78.4867
Hyderabad,17.385,78.4867
Hyderabad,17.385,78.4867
Hyderabad,17.385,78.4867
Hyderabad,17.385,78.4867
Hyderabad,17.385,78.4867
Hyderabad,17.385,78.4867
Hyderabad,17.385,78.4867
Hyderabad,17.385,78.4867
Hyderabad,17.385,78.4867
Hyderabad,17.385,78.4867
Hyderabad,17.385,78.4867
Hyderabad,17.385,78.4867
Hyderabad,17.385,78.4867
Hyderabad,17.385,78.4867
Hyderabad,17.385,78.4867
Hyderabad,17.385,78.4867
Hyderabad,17.385,78.4867
Hyderabad,17.385,78.4867
Hyderabad,17.385,78.4867
Hyderabad,17.385,78.4867
Hyderabad,17.385,78.4867
Hyderabad,17.385,78.4867
Hyderabad,17.385,78.4867
Hyderabad,17.385,78.4867
Hyderabad,17.385,78.4867
Hyderabad,17.385,78.4867
Hyderabad,17.385,78.4867
Hyderabad,17.385,78.4867
Hyderabad,17.385,78.4867
Hyderabad,17.385,78.4867
Hyderabad,17.385,78.4867
Hyderabad,17.385,78.4867
Hyderabad,17.385,78.4867
Hyderabad,17.385,78.4867
Hyderabad,17.385,78.4867
Hyderabad,17.385,78.4867
Hyderabad,17.385,78.4867
Hyderabad,17.385,78.4867
Hyderabad,17.385,78.4867
Hyderabad,17.385,78.4867
Indore,22.7196,75.8577
Indore,22.7196,75.8577
Indore,22.7196,75.8577
Indore,22.7196,75.8577
Indore,22.7196,75.8577
Indore,22.7196,75.8577
Indore,22.7196,75.8577
Indore,22.7196,75.8577
Indore,22.7196,75.8577
Indore,22.7196,75.8577
Indore,22.7196,75.8577
Indore,22.7196,75.8577
Indore,22.7196,75.8577
Indore,22.7196,75.8577
Indore,22.7196,75.8577
Indore,22.7196,75.8577
Indore,22.7196,75.8577
Indore,22.7196,75.8577
Indore,22.7196,75.8577
Indore,22.7196,75.8577
Indore,22.7196,75.8577
Indore,22.7196,75.8577
Indore,22.7196,75.8577
Indore,22.7196,75.8577
Indore,22.7196,75.8577
Indore,22.7196,75.8577
Indore,22.7196,75.8577
Indore,22.7196,75.8577
Indore,22.7196,75.8577
Indore,22.7196,75.8577
Indore,22.7196,75.8577
Indore,22.7196,75.8577
Indore,22.7196,75.8577
Indore,22.7196,75.8577
Indore,22.7196,75.8577
Indore,22.7196,75.8577
Indore,22.7196,75.8577
Indore,22.7196,75.8577
Indore,22.7196,75.8577
Indore,22.7196,75.8577
Indore,22.7196,75.8577
Indore,22.7196,75.8577
Indore,22.7196,75.8577
Indore,22.7196,75.8577
Indore,22.7196,75.8577
Indore,22.7196,75.8577
Indore,22.7196,75.8577
Indore,22.7196,75.8577
Indore,22.7196,75.8577
Indore,22.7196,75.8577
Indore,22.7196,75.8577
Indore,22.7196,75.8577
Indore,22.7196,75.8577
Indore,22.7196,75.8577
Indore,22.7196,75.8577
Jaipur,26.9124,75.7873
Jaipur,26.9124,75.7873
Jaipur,26.9124,75.7873
Jaipur,26.9124,75.7873
Jaipur,26.9124,75.7873
Jaipur,26.9124,75.7873
Jaipur,26.9124,75.7873
Jaipur,26.9124,75.7873
Jaipur,26.9124,75.7873
Jaipur,26.9124,75.7873
Jaipur,26.9124,75.7873
Jaipur,26.9124,75.7873
Jaipur,26.9124,75.7873
Jaipur,26.9124,75.7873
Jaipur,26.9124,75.7873
Jaipur,26.9124,75.7873
Jaipur,26.9124,75.7873
Jaipur,26.9124,75.7873
Jaipur,26.9124,75.7873
Jaipur,26.9124,75.7873
Jaipur,26.9124,75.7873
Jaipur,26.9124,75.7873
Jaipur,26.9124,75.7873
Jaipur,26.9124,75.7873
Jaipur,26.9124,75.7873
Jaipur,26.9124,75.7873
Jaipur,26.9124,75.7873
Jaipur,26.9124,75.7873
Jaipur,26.9124,75.7873
Jaipur,26.9124,75.7873
Jaipur,26.9124,75.7873
Jaipur,26.9124,75.7873
Jaipur,26.9124,75.7873
Jaipur,26.9124,75.7873
Jaipur,26.9124,75.7873
Jaipur,26.9124,75.7873
Jaipur,26.9124,75.7873
Jaipur,26.9124,75.7873
Jaipur,26.9124,75.7873
Jaipur,26.9124,75.7873
Jaipur,26.9124,75.7873
Jaipur,26.9124,75.7873
Jaipur,26.9124,75.7873
Jaipur,26.9124,75.7873
Jaipur,26.9124,75.7873
Jaipur,26.9124,75.7873
Jaipur,26.9124,75.7873
Jaipur,26.9124,75.7873
Jaipur,26.9124,75.7873
Jaipur,26.9124,75.7873
Jaipur,26.9124,75.7873
Jaipur,26.9124,75.7873
Jaipur,26.9124,75.7873
Jaipur,26.9124,75.7873
Jaipur,26.9124,75.7873
Kalyan,19.2403,73.1305
Kalyan,19.2403,73.1305
Kalyan,19.2403,73.1305
Kalyan,19.2403,73.1305
Kalyan,19.2403,73.1305
Kalyan,19.2403,73.1305
Kalyan,19.2403,73.1305
Kalyan,19.2403,73.1305
Kalyan,19.2403,73.1305
Kalyan,19.2403,73.1305
Kalyan,19.2403,73.1305
Kalyan,19.2403,73.1305
Kalyan,19.2403,73.1305
Kalyan,19.2403,73.1305
Kalyan,19.2403,73.1305
Kalyan,19.2403,73.1305
Kalyan,19.2403,73.1305
Kalyan,19.2403,73.1305
Kalyan,19.2403,73.1305
Kalyan,19.2403,73.1305
Kalyan,19.2403,73.1305
Kalyan,19.2403,73.1305
Kalyan,19.2403,73.1305
Kalyan,19.2403,73.1305
Kalyan,19.2403,73.1305
Kalyan,19.2403,73.1305
Kalyan,19.2403,73.1305
Kalyan,19.2403,73.1305
Kalyan,19.2403,73.1305
Kalyan,19.2403,73.1305
Kalyan,19.2403,73.1305
Kalyan,19.2403,73.1305
Kalyan,19.2403,73.1305
Kalyan,19.2403,73.1305
Kalyan,19.2403,73.1305
Kalyan,19.2403,73.1305
Kalyan,19.2403,73.1305
Kalyan,19.2403,73.1305
Kalyan,19.2403,73.1305
Kalyan,19.2403,73.1305
Kalyan,19.2403,73.1305
Kalyan,19.2403,73.1305
Kalyan,19.2403,73.1305
Kalyan,19.2403,73.1305
Kalyan,19.2403,73.1305
Kalyan,19.2403,73.1305
Kalyan,19.2403,73.1305
Kalyan,19.2403,73.1305
Kalyan,19.2403,73.1305
Kalyan,19.2403,73.1305
Kalyan,19.2403,73.1305
Kalyan,19.2403,73.1305
Kalyan,19.2403,73.1305
Kalyan,19.2403,73.1305
Kalyan,19.2403,73.1305
Kanpur,26.4499,80.3319
Kanpur,26.4499,80.3319
Kanpur,26.4499,80.3319
Kanpur,26.4499,80.3319
Kanpur,26.4499,80.3319
Kanpur,26.4499,80.3319
Kanpur,26.4499,80.3319
Kanpur,26.4499,80.3319
Kanpur,26.4499,80.3319
Kanpur,26.4499,80.3319
Kanpur,26.4499,80.3319
Kanpur,26.4499,80.3319
Kanpur,26.4499,80.3319
Kanpur,26.4499,80.3319
Kanpur,26.4499,80.3319
Kanpur,26.4499,80.3319
Kanpur,26.4499,80.3319
Kanpur,26.4499,80.3319
Kanpur,26.4499,80.3319
Kanpur,26.4499,80.3319
Kanpur,26.4499,80.3319
Kanpur,26.4499,80.3319
Kanpur,26.4499,80.3319
Kanpur,26.4499,80.3319
Kanpur,26.4499,80.3319
Kanpur,26.4499,80.3319
Kanpur,26.4499,80.3319
Kanpur,26.4499,80.3319
Kanpur,26.4499,80.3319
Kanpur,26.4499,80.3319
Kanpur,26.4499,80.3319
Kanpur,26.4499,80.3319
Kanpur,26.4499,80.3319
Kanpur,26.4499,80.3319
Kanpur,26.4499,80.3319
Kanpur,26.4499,80.3319
Kanpur,26.4499,80.3319
Kanpur,26.4499,80.3319
Kanpur,26.4499,80.3319
Kanpur,26.4499,80.3319
Kanpur,26.4499,80.3319
Kanpur,26.4499,80.3319
Kanpur,26.4499,80.3319
Kanpur,26.4499,80.3319
Kanpur,26.4499,80.3319
Kanpur,26.4499,80.3319
Kanpur,26.4499,80.3319
Kanpur,26.4499,80.3319
Kanpur,26.4499,80.3319
Kanpur,26.4499,80.3319
Kanpur,26.4499,80.3319
Kanpur,26.4499,80.3319
Kanpur,26.4499,80.3319
Kanpur,26.4499,80.3319
Kanpur,26.4499,80.3319
Kolkata,22.5726,88.3639
Kolkata,22.5726,88.3639
Kolkata,22.5726,88.3639
Kolkata,22.5726,88.3639
Kolkata,22.5726,88.3639
Kolkata,22.5726,88.3639
Kolkata,22.5726,88.3639
Kolkata,22.5726,88.3639
Kolkata,22.5726,88.3639
Kolkata,22.5726,88.3639
Kolkata,22.5726,88.3639
Kolkata,22.5726,88.3639
Kolkata,22.5726,88.3639
Kolkata,22.5726,88.3639
Kolkata,22.5726,88.3639
Kolkata,22.5726,88.3639
Kolkata,22.5726,88.3639
Kolkata,22.5726,88.3639
Kolkata,22.5726,88.3639
Kolkata,22.5726,88.3639
Kolkata,22.5726,88.3639
Kolkata,22.5726,88.3639
Kolkata,22.5726,88.3639
Kolkata,22.5726,88.3639
Kolkata,22.5726,88.3639
Kolkata,22.5726,88.3639
Kolkata,22.5726,88.3639
Kolkata,22.5726,88.3639
Kolkata,22.5726,88.3639
Kolkata,22.5726,88.3639
Kolkata,22.5726,88.3639
Kolkata,22.5726,88.3639
Kolkata,22.5726,88.3639
Kolkata,22.5726,88.3639
Kolkata,22.5726,88.3639
Kolkata,22.5726,88.3639
Kolkata,22.5726,88.3639
Kolkata,22.5726,88.3639
Kolkata,22.5726,88.3639
Kolkata,22.5726,88.3639
Kolkata,22.5726,88.3639
Kolkata,22.5726,88.3639
Kolkata,22.5726,88.3639
Kolkata,22.5726,88.3639
Kolkata,22.5726,88.3639
Kolkata,22.5726,88.3639
Kolkata,22.5726,88.3639
Kolkata,22.5726,88.3639
Kolkata,22.5726,88.3639
Kolkata,22.5726,88.3639
Kolkata,22.5726,88.3639
Kolkata,22.5726,88.3639
Kolkata,22.5726,88.3639
Kolkata,22.5726,88.3639
Kolkata,22.5726,88.3639
Lucknow,26.8467,80.9462
Lucknow,26.8467,80.9462
Lucknow,26.8467,80.9462
Lucknow,26.8467,80.9462
Lucknow,26.8467,80.9462
Lucknow,26.8467,80.9462
Lucknow,26.8467,80.9462
Lucknow,26.8467,80.9462
Lucknow,26.8467,80.9462
Lucknow,26.8467,80.9462
Lucknow,26.8467,80.9462
Lucknow,26.8467,80.9462
Lucknow,26.8467,80.9462
Lucknow,26.8467,80.9462
Lucknow,26.8467,80.9462
Lucknow,26.8467,80.9462
Lucknow,26.8467,80.9462
Lucknow,26.8467,80.9462
Lucknow,26.8467,80.9462
Lucknow,26.8467,80.9462
Lucknow,26.8467,80.9462
Lucknow,26.8467,80.9462
Lucknow,26.8467,80.9462
Lucknow,26.8467,80.9462
Lucknow,26.8467,80.9462
Lucknow,26.8467,80.9462
Lucknow,26.8467,80.9462
Lucknow,26.8467,80.9462
Lucknow,26.8467,80.9462
Lucknow,26.8467,80.9462
Lucknow,26.8467,80.9462
Lucknow,26.8467,80.9462
Lucknow,26.8467,80.9462
Lucknow,26.8467,80.9462
Lucknow,26.8467,80.9462
Lucknow,26.8467,80.9462
Lucknow,26.8467,80.9462
Lucknow,26.8467,80.9462
Lucknow,26.8467,80.9462
Lucknow,26.8467,80.9462
Lucknow,26.8467,80.9462
Lucknow,26.8467,80.9462
Lucknow,26.8467,80.9462
Lucknow,26.8467,80.9462
Lucknow,26.8467,80.9462
Lucknow,26.8467,80.9462
Lucknow,26.8467,80.9462
Lucknow,26.8467,80.9462
Lucknow,26.8467,80.9462
Lucknow,26.8467,80.9462
Lucknow,26.8467,80.9462
Lucknow,26.8467,80.9462
Lucknow,26.8467,80.9462
Lucknow,26.8467,80.9462
Lucknow,26.8467,80.9462
Ludhiana,30.9,75.8573
Ludhiana,30.9,75.8573
Ludhiana,30.9,75.8573
Ludhiana,30.9,75.8573
Ludhiana,30.9,75.8573
Ludhiana,30.9,75.8573
Ludhiana,30.9,75.8573
Ludhiana,30.9,75.8573
Ludhiana,30.9,75.8573
Ludhiana,30.9,75.8573
Ludhiana,30.9,75.8573
Ludhiana,30.9,75.8573
Ludhiana,30.9,75.8573
Ludhiana,30.9,75.8573
Ludhiana,30.9,75.8573
Ludhiana,30.9,75.8573
Ludhiana,30.9,75.8573
Ludhiana,30.9,75.8573
Ludhiana,30.9,75.8573
Ludhiana,30.9,75.8573
Ludhiana,30.9,75.8573
Ludhiana,30.9,75.8573
Ludhiana,30.9,75.8573
Ludhiana,30.9,75.8573
Ludhiana,30.9,75.8573
Ludhiana,30.9,75.8573
Ludhiana,30.9,75.8573
Ludhiana,30.9,75.8573
Ludhiana,30.9,75.8573
Ludhiana,30.9,75.8573
Ludhiana,30.9,75.8573
Ludhiana,30.9,75.8573
Ludhiana,30.9,75.8573
Ludhiana,30.9,75.8573
Ludhiana,30.9,75.8573
Ludhiana,30.9,75.8573
Ludhiana,30.9,75.8573
Ludhiana,30.9,75.8573
Ludhiana,30.9,75.8573
Ludhiana,30.9,75.8573
Ludhiana,30.9,75.8573
Ludhiana,30.9,75.8573
Ludhiana,30.9,75.8573
Ludhiana,30.9,75.8573
Ludhiana,30.9,75.8573
Ludhiana,30.9,75.8573
Ludhiana,30.9,75.8573
Ludhiana,30.9,75.8573
Ludhiana,30.9,75.8573
Ludhiana,30.9,75.8573
Ludhiana,30.9,75.8573
Ludhiana,30.9,75.8573
Ludhiana,30.9,75.8573
Ludhiana,30.9,75.8573
Ludhiana,30.9,75.8573
Meerut,28.9845,77.7064
Meerut,28.9845,77.7064
Meerut,28.9845,77.7064
Meerut,28.9845,77.7064
Meerut,28.9845,77.7064
Meerut,28.9845,77.7064
Meerut,28.9845,77.7064
Meerut,28.9845,77.7064
Meerut,28.9845,77.7064
Meerut,28.9845,77.7064
Meerut,28.9845,77.7064
Meerut,28.9845,77.7064
Meerut,28.9845,77.7064
Meerut,28.9845,77.7064
Meerut,28.9845,77.7064
Meerut,28.9845,77.7064
Meerut,28.9845,77.7064
Meerut,28.9845,77.7064
Meerut,28.9845,77.7064
Meerut,28.9845,77.7064
Meerut,28.9845,77.7064
Meerut,28.9845,77.7064
Meerut,28.9845,77.7064
Meerut,28.9845,77.7064
Meerut,28.9845,77.7064
Meerut,28.9845,77.7064
Meerut,28.9845,77.7064
Meerut,28.9845,77.7064
Meerut,28.9845,77.7064
Meerut,28.9845,77.7064
Meerut,28.9845,77.7064
Meerut,28.9845,77.7064
Meerut,28.9845,77.7064
Meerut,28.9845,77.7064
Meerut,28.9845,77.7064
Meerut,28.9845,77.7064
Meerut,28.9845,77.7064
Meerut,28.9845,77.7064
Meerut,28.9845,77.7064
Meerut,28.9845,77.7064
Meerut,28.9845,77.7064
Meerut,28.9845,77.7064
Meerut,28.9845,77.7064
Meerut,28.9845,77.7064
Meerut,28.9845,77.7064
Meerut,28.9845,77.7064
Meerut,28.9845,77.7064
Meerut,28.9845,77.7064
Meerut,28.9845,77.7064
Meerut,28.9845,77.7064
Meerut,28.9845,77.7064
Meerut,28.9845,77.7064
Meerut,28.9845,77.7064
Meerut,28.9845,77.7064
Meerut,28.9845,77.7064
Mumbai,19.076,72.8777
Mumbai,19.076,72.8777
Mumbai,19.076,72.8777
Mumbai,19.076,72.8777
Mumbai,19.076,72.8777
Mumbai,19.076,72.8777
Mumbai,19.076,72.8777
Mumbai,19.076,72.8777
Mumbai,19.076,72.8777
Mumbai,19.076,72.8777
Mumbai,19.076,72.8777
Mumbai,19.076,72.8777
Mumbai,19.076,72.8777
Mumbai,19.076,72.8777
Mumbai,19.076,72.8777
Mumbai,19.076,72.8777
Mumbai,19.076,72.8777
Mumbai,19.076,72.8777
Mumbai,19.076,72.8777
Mumbai,19.076,72.8777
Mumbai,19.076,72.8777
Mumbai,19.076,72.8777
Mumbai,19.076,72.8777
Mumbai,19.076,72.8777
Mumbai,19.076,72.8777
Mumbai,19.076,72.8777
Mumbai,19.076,72.8777
Mumbai,19.076,72.8777
Mumbai,19.076,72.8777
Mumbai,19.076,72.8777
Mumbai,19.076,72.8777
Mumbai,19.076,72.8777
Mumbai,19.076,72.8777
Mumbai,19.076,72.8777
Mumbai,19.076,72.8777
Mumbai,19.076,72.8777
Mumbai,19.076,72.8777
Mumbai,19.076,72.8777
Mumbai,19.076,72.8777
Mumbai,19.076,72.8777
Mumbai,19.076,72.8777
Mumbai,19.076,72.8777
Mumbai,19.076,72.8777
Mumbai,19.076,72.8777
Mumbai,19.076,72.8777
Mumbai,19.076,72.8777
Mumbai,19.076,72.8777
Mumbai,19.076,72.8777
Mumbai,19.076,72.8777
Mumbai,19.076,72.8777
Mumbai,19.076,72.8777
Mumbai,19.076,72.8777
Mumbai,19.076,72.8777
Mumbai,19.076,72.8777
Mumbai,19.076,72.8777
Nagpur,21.1458,79.0882
Nagpur,21.1458,79.0882
Nagpur,21.1458,79.0882
Nagpur,21.1458,79.0882
Nagpur,21.1458,79.0882
Nagpur,21.1458,79.0882
Nagpur,21.1458,79.0882
Nagpur,21.1458,79.0882
Nagpur,21.1458,79.0882
Nagpur,21.1458,79.0882
Nagpur,21.1458,79.0882
Nagpur,21.1458,79.0882
Nagpur,21.1458,79.0882
Nagpur,21.1458,79.0882
Nagpur,21.1458,79.0882
Nagpur,21.1458,79.0882
Nagpur,21.1458,79.0882
Nagpur,21.1458,79.0882
Nagpur,21.1458,79.0882
Nagpur,21.1458,79.0882
Nagpur,21.1458,79.0882
Nagpur,21.1458,79.0882
Nagpur,21.1458,79.0882
Nagpur,21.1458,79.0882
Nagpur,21.1458,79.0882
Nagpur,21.1458,79.0882
Nagpur,21.1458,79.0882
Nagpur,21.1458,79.0882
Nagpur,21.1458,79.0882
Nagpur,21.1458,79.0882
Nagpur,21.1458,79.0882
Nagpur,21.1458,79.0882
Nagpur,21.1458,79.0882
Nagpur,21.1458,79.0882
Nagpur,21.1458,79.0882
Nagpur,21.1458,79.0882
Nagpur,21.1458,79.0882
Nagpur,21.1458,79.0882
Nagpur,21.1458,79.0882
Nagpur,21.1458,79.0882
Nagpur,21.1458,79.0882
Nagpur,21.1458,79.0882
Nagpur,21.1458,79.0882
Nagpur,21.1458,79.0882
Nagpur,21.1458,79.0882
Nagpur,21.1458,79.0882
Nagpur,21.1458,79.0882
Nagpur,21.1458,79.0882
Nagpur,21.1458,79.0882
Nagpur,21.1458,79.0882
Nagpur,21.1458,79.0882
Nagpur,21.1458,79.0882
Nagpur,21.1458,79.0882
Nagpur,21.1458,79.0882
Nagpur,21.1458,79.0882
Nashik,19.9975,73.7898
Nashik,19.9975,73.7898
Nashik,19.9975,73.7898
Nashik,19.9975,73.7898
Nashik,19.9975,73.7898
Nashik,19.9975,73.7898
Nashik,19.9975,73.7898
Nashik,19.9975,73.7898
Nashik,19.9975,73.7898
Nashik,19.9975,73.7898
Nashik,19.9975,73.7898
Nashik,19.9975,73.7898
Nashik,19.9975,73.7898
Nashik,19.9975,73.7898
Nashik,19.9975,73.7898
Nashik,19.9975,73.7898
Nashik,19.9975,73.7898
Nashik,19.9975,73.7898
Nashik,19.9975,73.7898
Nashik,19.9975,73.7898
Nashik,19.9975,73.7898
Nashik,19.9975,73.7898
Nashik,19.9975,73.7898
Nashik,19.9975,73.7898
Nashik,19.9975,73.7898
Nashik,19.9975,73.7898
Nashik,19.9975,73.7898
Nashik,19.9975,73.7898
Nashik,19.9975,73.7898
Nashik,19.9975,73.7898
Nashik,19.9975,73.7898
Nashik,19.9975,73.7898
Nashik,19.9975,73.7898
Nashik,19.9975,73.7898
Nashik,19.9975,73.7898
Nashik,19.9975,73.7898
Nashik,19.9975,73.7898
Nashik,19.9975,73.7898
Nashik,19.9975,73.7898
Nashik,19.9975,73.7898
Nashik,19.9975,73.7898
Nashik,19.9975,73.7898
Nashik,19.9975,73.7898
Nashik,19.9975,73.7898
Nashik,19.9975,73.7898
Nashik,19.9975,73.7898
Nashik,19.9975,73.7898
Nashik,19.9975,73.7898
Nashik,19.9975,73.7898
Nashik,19.9975,73.7898
Nashik,19.9975,73.7898
Nashik,19.9975,73.7898
Nashik,19.9975,73.7898
Nashik,19.9975,73.7898
Nashik,19.9975,73.7898
Patna,25.5941,85.1376
Patna,25.5941,85.1376
Patna,25.5941,85.1376
Patna,25.5941,85.1376
Patna,25.5941,85.1376
Patna,25.5941,85.1376
Patna,25.5941,85.1376
Patna,25.5941,85.1376
Patna,25.5941,85.1376
Patna,25.5941,85.1376
Patna,25.5941,85.1376
Patna,25.5941,85.1376
Patna,25.5941,85.1376
Patna,25.5941,85.1376
Patna,25.5941,85.1376
Patna,25.5941,85.1376
Patna,25.5941,85.1376
Patna,25.5941,85.1376
Patna,25.5941,85.1376
Patna,25.5941,85.1376
Patna,25.5941,85.1376
Patna,25.5941,85.1376
Patna,25.5941,85.1376
Patna,25.5941,85.1376
Patna,25.5941,85.1376
Patna,25.5941,85.1376
Patna,25.5941,85.1376
Patna,25.5941,85.1376
Patna,25.5941,85.1376
Patna,25.5941,85.1376
Patna,25.5941,85.1376
Patna,25.5941,85.1376
Patna,25.5941,85.1376
Patna,25.5941,85.1376
Patna,25.5941,85.1376
Patna,25.5941,85.1376
Patna,25.5941,85.1376
Patna,25.5941,85.1376
Patna,25.5941,85.1376
Patna,25.5941,85.1376
Patna,25.5941,85.1376
Patna,25.5941,85.1376
Patna,25.5941,85.1376
Patna,25.5941,85.1376
Patna,25.5941,85.1376
Patna,25.5941,85.1376
Patna,25.5941,85.1376
Patna,25.5941,85.1376
Patna,25.5941,85.1376
Patna,25.5941,85.1376
Patna,25.5941,85.1376
Patna,25.5941,85.1376
Patna,25.5941,85.1376
Patna,25.5941,85.1376
Patna,25.5941,85.1376
Pune,18.5204,73.8567
Pune,18.5204,73.8567
Pune,18.5204,73.8567
Pune,18.5204,73.8567
Pune,18.5204,73.8567
Pune,18.5204,73.8567
Pune,18.5204,73.8567
Pune,18.5204,73.8567
Pune,18.5204,73.8567
Pune,18.5204,73.8567
Pune,18.5204,73.8567
Pune,18.5204,73.8567
Pune,18.5204,73.8567
Pune,18.5204,73.8567
Pune,18.5204,73.8567
Pune,18.5204,73.8567
Pune,18.5204,73.8567
Pune,18.5204,73.8567
Pune,18.5204,73.8567
Pune,18.5204,73.8567
Pune,18.5204,73.8567
Pune,18.5204,73.8567
Pune,18.5204,73.8567
Pune,18.5204,73.8567
Pune,18.5204,73.8567
Pune,18.5204,73.8567
Pune,18.5204,73.8567
Pune,18.5204,73.8567
Pune,18.5204,73.8567
Pune,18.5204,73.8567
Pune,18.5204,73.8567
Pune,18.5204,73.8567
Pune,18.5204,73.8567
Pune,18.5204,73.8567
Pune,18.5204,73.8567
Pune,18.5204,73.8567
Pune,18.5204,73.8567
Pune,18.5204,73.8567
Pune,18.5204,73.8567
Pune,18.5204,73.8567
Pune,18.5204,73.8567
Pune,18.5204,73.8567
Pune,18.5204,73.8567
Pune,18.5204,73.8567
Pune,18.5204,73.8567
Pune,18.5204,73.8567
Pune,18.5204,73.8567
Pune,18.5204,73.8567
Pune,18.5204,73.8567
Pune,18.5204,73.8567
Pune,18.5204,73.8567
Pune,18.5204,73.8567
Pune,18.5204,73.8567
Pune,18.5204,73.8567
Pune,18.5204,73.8567
Rajkot,22.3039,70.8022
Rajkot,22.3039,70.8022
Rajkot,22.3039,70.8022
Rajkot,22.3039,70.8022
Rajkot,22.3039,70.8022
Rajkot,22.3039,70.8022
Rajkot,22.3039,70.8022
Rajkot,22.3039,70.8022
Rajkot,22.3039,70.8022
Rajkot,22.3039,70.8022
Rajkot,22.3039,70.8022
Rajkot,22.3039,70.8022
Rajkot,22.3039,70.8022
Rajkot,22.3039,70.8022
Rajkot,22.3039,70.8022
Rajkot,22.3039,70.8022
Rajkot,22.3039,70.8022
Rajkot,22.3039,70.8022
Rajkot,22.3039,70.8022
Rajkot,22.3039,70.8022
Rajkot,22.3039,70.8022
Rajkot,22.3039,70.8022
Rajkot,22.3039,70.8022
Rajkot,22.3039,70.8022
Rajkot,22.3039,70.8022
Rajkot,22.3039,70.8022
Rajkot,22.3039,70.8022
Rajkot,22.3039,70.8022
Rajkot,22.3039,70.8022
Rajkot,22.3039,70.8022
Rajkot,22.3039,70.8022
Rajkot,22.3039,70.8022
Rajkot,22.3039,70.8022
Rajkot,22.3039,70.8022
Rajkot,22.3039,70.8022
Rajkot,22.3039,70.8022
Rajkot,22.3039,70.8022
Rajkot,22.3039,70.8022
Rajkot,22.3039,70.8022
Rajkot,22.3039,70.8022
Rajkot,22.3039,70.8022
Rajkot,22.3039,70.8022
Rajkot,22.3039,70.8022
Rajkot,22.3039,70.8022
Rajkot,22.3039,70.8022
Rajkot,22.3039,70.8022
Rajkot,22.3039,70.8022
Rajkot,22.3039,70.8022
Rajkot,22.3039,70.8022
Rajkot,22.3039,70.8022
Rajkot,22.3039,70.8022
Rajkot,22.3039,70.8022
Rajkot,22.3039,70.8022
Rajkot,22.3039,70.8022
Rajkot,22.3039,70.8022
Srinagar,34.0837,74.7973
Srinagar,34.0837,74.7973
Srinagar,34.0837,74.7973
Srinagar,34.0837,74.7973
Srinagar,34.0837,74.7973
Srinagar,34.0837,74.7973
Srinagar,34.0837,74.7973
Srinagar,34.0837,74.7973
Srinagar,34.0837,74.7973
Srinagar,34.0837,74.7973
Srinagar,34.0837,74.7973
Srinagar,34.0837,74.7973
Srinagar,34.0837,74.7973
Srinagar,34.0837,74.7973
Srinagar,34.0837,74.7973
Srinagar,34.0837,74.7973
Srinagar,34.0837,74.7973
Srinagar,34.0837,74.7973
Srinagar,34.0837,74.7973
Srinagar,34.0837,74.7973
Srinagar,34.0837,74.7973
Srinagar,34.0837,74.7973
Srinagar,34.0837,74.7973
Srinagar,34.0837,74.7973
Srinagar,34.0837,74.7973
Srinagar,34.0837,74.7973
Srinagar,34.0837,74.7973
Srinagar,34.0837,74.7973
Srinagar,34.0837,74.7973
Srinagar,34.0837,74.7973
Srinagar,34.0837,74.7973
Srinagar,34.0837,74.7973
Srinagar,34.0837,74.7973
Srinagar,34.0837,74.7973
Srinagar,34.0837,74.7973
Srinagar,34.0837,74.7973
Srinagar,34.0837,74.7973
Srinagar,34.0837,74.7973
Srinagar,34.0837,74.7973
Srinagar,34.0837,74.7973
Srinagar,34.0837,74.7973
Srinagar,34.0837,74.7973
Srinagar,34.0837,74.7973
Srinagar,34.0837,74.7973
Srinagar,34.0837,74.7973
Srinagar,34.0837,74.7973
Srinagar,34.0837,74.7973
Srinagar,34.0837,74.7973
Srinagar,34.0837,74.7973
Srinagar,34.0837,74.7973
Srinagar,34.0837,74.7973
Srinagar,34.0837,74.7973
Srinagar,34.0837,74.7973
Srinagar,34.0837,74.7973
Srinagar,34.0837,74.7973
Surat,21.1702,72.8311
Surat,21.1702,72.8311
Surat,21.1702,72.8311
Surat,21.1702,72.8311
Surat,21.1702,72.8311
Surat,21.1702,72.8311
Surat,21.1702,72.8311
Surat,21.1702,72.8311
Surat,21.1702,72.8311
Surat,21.1702,72.8311
Surat,21.1702,72.8311
Surat,21.1702,72.8311
Surat,21.1702,72.8311
Surat,21.1702,72.8311
Surat,21.1702,72.8311
Surat,21.1702,72.8311
Surat,21.1702,72.8311
Surat,21.1702,72.8311
Surat,21.1702,72.8311
Surat,21.1702,72.8311
Surat,21.1702,72.8311
Surat,21.1702,72.8311
Surat,21.1702,72.8311
Surat,21.1702,72.8311
Surat,21.1702,72.8311
Surat,21.1702,72.8311
Surat,21.1702,72.8311
Surat,21.1702,72.8311
Surat,21.1702,72.8311
Surat,21.1702,72.8311
Surat,21.1702,72.8311
Surat,21.1702,72.8311
Surat,21.1702,72.8311
Surat,21.1702,72.8311
Surat,21.1702,72.8311
Surat,21.1702,72.8311
Surat,21.1702,72.8311
Surat,21.1702,72.8311
Surat,21.1702,72.8311
Surat,21.1702,72.8311
Surat,21.1702,72.8311
Surat,21.1702,72.8311
Surat,21.1702,72.8311
Surat,21.1702,72.8311
Surat,21.1702,72.8311
Surat,21.1702,72.8311
Surat,21.1702,72.8311
Surat,21.1702,72.8311
Surat,21.1702,72.8311
Surat,21.1702,72.8311
Surat,21.1702,72.8311
Surat,21.1702,72.8311
Surat,21.1702,72.8311
Surat,21.1702,72.8311
Surat,21.1702,72.8311
Thane,19.2183,72.9781
Thane,19.2183,72.9781
Thane,19.2183,72.9781
Thane,19.2183,72.9781
Thane,19.2183,72.9781
Thane,19.2183,72.9781
Thane,19.2183,72.9781
Thane,19.2183,72.9781
Thane,19.2183,72.9781
Thane,19.2183,72.9781
Thane,19.2183,72.9781
Thane,19.2183,72.9781
Thane,19.2183,72.9781
Thane,19.2183,72.9781
Thane,19.2183,72.9781
Thane,19.2183,72.9781
Thane,19.2183,72.9781
Thane,19.2183,72.9781
Thane,19.2183,72.9781
Thane,19.2183,72.9781
Thane,19.2183,72.9781
Thane,19.2183,72.9781
Thane,19.2183,72.9781
Thane,19.2183,72.9781
Thane,19.2183,72.9781
Thane,19.2183,72.9781
Thane,19.2183,72.9781
Thane,19.2183,72.9781
Thane,19.2183,72.9781
Thane,19.2183,72.9781
Thane,19.2183,72.9781
Thane,19.2183,72.9781
Thane,19.2183,72.9781
Thane,19.2183,72.9781
Thane,19.2183,72.9781
Thane,19.2183,72.9781
Thane,19.2183,72.9781
Thane,19.2183,72.9781
Thane,19.2183,72.9781
Thane,19.2183,72.9781
Thane,19.2183,72.9781
Thane,19.2183,72.9781
Thane,19.2183,72.9781
Thane,19.2183,72.9781
Thane,19.2183,72.9781
Thane,19.2183,72.9781
Thane,19.2183,72.9781
Thane,19.2183,72.9781
Thane,19.2183,72.9781
Thane,19.2183,72.9781
Thane,19.2183,72.9781
Thane,19.2183,72.9781
Thane,19.2183,72.9781
Thane,19.2183,72.9781
Thane,19.2183,72.9781
Varanasi,25.3176,82.9739
Varanasi,25.3176,82.9739
Varanasi,25.3176,82.9739
Varanasi,25.3176,82.9739
Varanasi,25.3176,82.9739
Varanasi,25.3176,82.9739
Varanasi,25.3176,82.9739
Varanasi,25.3176,82.9739
Varanasi,25.3176,82.9739
Varanasi,25.3176,82.9739
Varanasi,25.3176,82.9739
Varanasi,25.3176,82.9739
Varanasi,25.3176,82.9739
Varanasi,25.3176,82.9739
Varanasi,25.3176,82.9739
Varanasi,25.3176,82.9739
Varanasi,25.3176,82.9739
Varanasi,25.3176,82.9739
Varanasi,25.3176,82.9739
Varanasi,25.3176,82.9739
Varanasi,25.3176,82.9739
Varanasi,25.3176,82.9739
Varanasi,25.3176,82.9739
Varanasi,25.3176,82.9739
Varanasi,25.3176,82.9739
Varanasi,25.3176,82.9739
Varanasi,25.3176,82.9739
Varanasi,25.3176,82.9739
Varanasi,25.3176,82.9739
Varanasi,25.3176,82.9739
Varanasi,25.3176,82.9739
Varanasi,25.3176,82.9739
Varanasi,25.3176,82.9739
Varanasi,25.3176,82.9739
Varanasi,25.3176,82.9739
Varanasi,25.3176,82.9739
Varanasi,25.3176,82.9739
Varanasi,25.3176,82.9739
Varanasi,25.3176,82.9739
Varanasi,25.3176,82.9739
Varanasi,25.3176,82.9739
Varanasi,25.3176,82.9739
Varanasi,25.3176,82.9739
Varanasi,25.3176,82.9739
Varanasi,25.3176,82.9739
Varanasi,25.3176,82.9739
Varanasi,25.3176,82.9739
Varanasi,25.3176,82.9739
Varanasi,25.3176,82.9739
Varanasi,25.3176,82.9739
Varanasi,25.3176,82.9739
Varanasi,25.3176,82.9739
Varanasi,25.3176,82.9739
Varanasi,25.3176,82.9739
Varanasi,25.3176,82.9739
Vasai,19.3919,72.8397
Vasai,19.3919,72.8397
Vasai,19.3919,72.8397
Vasai,19.3919,72.8397
Vasai,19.3919,72.8397
Vasai,19.3919,72.8397
Vasai,19.3919,72.8397
Vasai,19.3919,72.8397
Vasai,19.3919,72.8397
Vasai,19.3919,72.8397
Vasai,19.3919,72.8397
Vasai,19.3919,72.8397
Vasai,19.3919,72.8397
Vasai,19.3919,72.8397
Vasai,19.3919,72.8397
Vasai,19.3919,72.8397
Vasai,19.3919,72.8397
Vasai,19.3919,72.8397
Vasai,19.3919,72.8397
Vasai,19.3919,72.8397
Vasai,19.3919,72.8397
Vasai,19.3919,72.8397
Vasai,19.3919,72.8397
Vasai,19.3919,72.8397
Vasai,19.3919,72.8397
Vasai,19.3919,72.8397
Vasai,19.3919,72.8397
Vasai,19.3919,72.8397
Vasai,19.3919,72.8397
Vasai,19.3919,72.8397
Vasai,19.3919,72.8397
Vasai,19.3919,72.8397
Vasai,19.3919,72.8397
Vasai,19.3919,72.8397
Vasai,19.3919,72.8397
Vasai,19.3919,72.8397
Vasai,19.3919,72.8397
Vasai,19.3919,72.8397
Vasai,19.3919,72.8397
Vasai,19.3919,72.8397
Vasai,19.3919,72.8397
Vasai,19.3919,72.8397
Vasai,19.3919,72.8397
Vasai,19.3919,72.8397
Vasai,19.3919,72.8397
Vasai,19.3919,72.8397
Vasai,19.3919,72.8397
Vasai,19.3919,72.8397
Vasai,19.3919,72.8397
Vasai,19.3919,72.8397
Vasai,19.3919,72.8397
Vasai,19.3919,72.8397
Vasai,19.3919,72.8397
Vasai,19.3919,72.8397
Vasai,19.3919,72.8397
Visakhapatnam,17.6868,83.2185
Visakhapatnam,17.6868,83.2185
Visakhapatnam,17.6868,83.2185
Visakhapatnam,17.6868,83.2185
Visakhapatnam,17.6868,83.2185
Visakhapatnam,17.6868,83.2185
Visakhapatnam,17.6868,83.2185
Visakhapatnam,17.6868,83.2185
Visakhapatnam,17.6868,83.2185
Visakhapatnam,17.6868,83.2185
Visakhapatnam,17.6868,83.2185
Visakhapatnam,17.6868,83.2185
Visakhapatnam,17.6868,83.2185
Visakhapatnam,17.6868,83.2185
Visakhapatnam,17.6868,83.2185
Visakhapatnam,17.6868,83.2185
Visakhapatnam,17.6868,83.2185
Visakhapatnam,17.6868,83.2185
Visakhapatnam,17.6868,83.2185
Visakhapatnam,17.6868,83.2185
Visakhapatnam,17.6868,83.2185
Visakhapatnam,17.6868,83.2185
Visakhapatnam,17.6868,83.2185
Visakhapatnam,17.6868,83.2185
Visakhapatnam,17.6868,83.2185
Visakhapatnam,17.6868,83.2185
Visakhapatnam,17.6868,83.2185
Visakhapatnam,17.6868,83.2185
Visakhapatnam,17.6868,83.2185
Visakhapatnam,17.6868,83.2185
Visakhapatnam,17.6868,83.2185
Visakhapatnam,17.6868,83.2185
Visakhapatnam,17.6868,83.2185
Visakhapatnam,17.6868,83.2185
Visakhapatnam,17.6868,83.2185
Visakhapatnam,17.6868,83.2185
Visakhapatnam,17.6868,83.2185
Visakhapatnam,17.6868,83.2185
Visakhapatnam,17.6868,83.2185
Visakhapatnam,17.6868,83.2185
Visakhapatnam,17.6868,83.2185
Visakhapatnam,17.6868,83.2185
Visakhapatnam,17.6868,83.2185
Visakhapatnam,17.6868,83.2185
Visakhapatnam,17.6868,83.2185
Visakhapatnam,17.6868,83.2185
Visakhapatnam,17.6868,83.2185
Visakhapatnam,17.6868,83.2185
Visakhapatnam,17.6868,83.2185
Visakhapatnam,17.6868,83.2185
Visakhapatnam,17.6868,83.2185
Visakhapatnam,17.6868,83.2185
Visakhapatnam,17.6868,83.2185
Visakhapatnam,17.6868,83.2185
Visakhapatnam,17.6868,83.2185
